Age,Male_qx,Female_qx
0,0.000367,0.000342
1,0.000212,0.000209
2,0.000124,0.000132
3,0.000077,0.000089
4,0.000065,0.000074
5,0.000060,0.000065
6,0.000056,0.000057
7,0.000054,0.000053
8,0.000055,0.000053
9,0.000059,0.000057
10,0.000063,0.000061
11,0.000069,0.000066
12,0.000086,0.000074
13,0.000121,0.000088
14,0.000166,0.000105
15,0.000214,0.000122
16,0.000261,0.000140
17,0.000303,0.000156
18,0.000338,0.000170
19,0.000369,0.000183
20,0.000398,0.000196
21,0.000426,0.000208
22,0.000444,0.000218
23,0.000447,0.000223
24,0.000441,0.000226
25,0.000433,0.000228
26,0.000426,0.000230
27,0.000427,0.000234
28,0.000438,0.000241
29,0.000456,0.000249
30,0.000476,0.000258
31,0.000498,0.000268
32,0.000530,0.000282
33,0.000576,0.000303
34,0.000633,0.000329
35,0.000691,0.000355
36,0.000753,0.000383
37,0.000831,0.000414
38,0.000935,0.000451
39,0.001055,0.000492
40,0.001178,0.000534
41,0.001304,0.000578
42,0.001442,0.000630
43,0.001598,0.000696
44,0.001766,0.000769
45,0.001936,0.000845
46,0.002109,0.000921
47,0.002292,0.001002
48,0.002493,0.001088
49,0.002705,0.001179
50,0.002920,0.001270
51,0.003139,0.001363
52,0.003377,0.001459
53,0.003649,0.001563
54,0.003939,0.001671
55,0.004234,0.001780
56,0.004537,0.001894
57,0.004875,0.002029
58,0.005271,0.002199
59,0.005700,0.002390
60,0.006133,0.002582
61,0.006574,0.002777
62,0.007082,0.003001
63,0.007703,0.003281
64,0.008401,0.003601
65,0.009137,0.003947
66,0.009931,0.004335
67,0.010869,0.004830
68,0.012016,0.005484
69,0.013311,0.006249
70,0.014691,0.007077
71,0.016195,0.007994
72,0.017966,0.009101
73,0.020105,0.010475
74,0.022506,0.012051
75,0.025066,0.013761
76,0.027821,0.015647
77,0.030915,0.017853
78,0.034458,0.020493
79,0.038357,0.023487
80,0.042530,0.026746
81,0.047034,0.030325
82,0.052007,0.034395
83,0.057537,0.039083
84,0.063544,0.044297
85,0.070020,0.050003
86,0.077112,0.056409
87,0.084999,0.063773
88,0.093767,0.072187
89,0.103496,0.081702
90,0.114224,0.092422
91,0.125941,0.104471
92,0.138717,0.117984
93,0.152707,0.133079
94,0.167992,0.149868
95,0.184534,0.168435
96,0.202351,0.188961
97,0.221622,0.211749
98,0.242512,0.236880
99,0.265072,0.264416
100,0.289218,0.294453
101,0.314951,0.327201
102,0.342418,0.362680
103,0.371827,0.400816
104,0.403046,0.441500
105,0.435727,0.484348
106,0.469773,0.529046
107,0.505194,0.575107
108,0.562677,0.637429
109,0.673751,0.736956
110,1.000000,1.000000
